,src_id,Slope_sorted,Slope_resorted,Slope_sorted2,Slope_resorted2
0,52,21.58,10.22,53.867225777755586,11.09641159725444
1,19211,35.43,21.8,70.6426901373133,32.252064534163225
2,14093,18.65,14.79,43.01523962289657,23.54197217767531
3,60,30.12,18.18,77.58325840892297,26.866626745956882
4,55890,23.29,9.0,51.59763156844423,9.131240756852215
