,src_id,Slope_sorted,Slope_resorted,Slope_sorted2,Slope_resorted2
0,66,10.08,8.31,23.31070089667392,12.359535742033142
1,79,6.49,2.81,22.07195018301453,3.9335661668163047
2,19193,4.15,2.97,16.88465642805887,3.105495189455683
