,src_id,Slope_sorted,Slope_resorted,Slope_sorted2,Slope_resorted2
0,908,6.21,5.6,13.333680012125845,13.803366945619716
1,23417,4.72,4.09,13.018098322700613,9.547997060064285
