,src_id,Slope_sorted,Slope_resorted,Slope_sorted2,Slope_resorted2
0,940,154.64,59.13,522.9602962763585,206.91403872413585
1,982,8.33,5.21,23.41081134494869,12.671412695958091
2,1005,9.55,5.53,11.92791547263279,5.795609973631747
3,1007,9.35,5.46,14.746505851394268,5.834744493004857
4,926,16.6,6.66,60.954570167018574,7.49429059936826
5,954,9.04,6.78,17.61284582383846,7.5609616927569006
6,980,7.78,6.4,11.00167554630661,7.680257974182772
7,996,9.34,6.52,48.17242297464995,11.617314816846367
8,57118,9.05,6.23,21.217033121109296,7.927612253100177
