,src_id,Slope_sorted,Slope_resorted,Slope_sorted2,Slope_resorted2
0,315,4.11,2.76,5.713981327591485,3.730336303876198
1,16031,7.53,3.76,21.956722956900137,4.3954699812620674
