,src_id,Slope_sorted,Slope_resorted,Slope_sorted2,Slope_resorted2
0,1033,9.49,7.15,16.656453310869637,8.109277017428639
1,1035,8.37,9.32,15.529661377240087,17.154853277930332
2,1039,3.2,2.99,5.101349014322299,3.8500063351684415
3,1055,30.93,20.22,188.43915460238637,122.04848563659327
4,13343,12.03,6.21,74.69770165836864,7.662799217006802
5,62015,6.76,6.98,15.314656841752464,8.09184128522398
6,62076,17.54,7.04,29.749604254725146,7.236669576360487
7,13298,13.79,9.08,27.368803519967397,9.495262205613093
