,src_id,Slope_sorted,Slope_resorted,Slope_sorted2,Slope_resorted2
0,1161,24.88,18.12,263.7063258598424,196.11499192376587
1,1166,27.32,9.64,83.82771045042922,15.904013317925603
2,1180,50.56,12.02,65.43154882864056,19.18987168147053
3,56486,4.06,4.06,7.1720239394530365,8.020617751008352
4,17210,27.62,12.57,45.27670774283342,14.613354725398441
5,1149,10.58,11.26,18.322469021112575,15.191695661994979
6,1173,32.35,16.99,93.28355659711409,24.863065338624487
7,1185,85.23,43.14,163.3343942170998,75.68511313228228
