,src_id,Slope_sorted,Slope_resorted,Slope_sorted2,Slope_resorted2
0,24996,6.05,4.74,7.73177463432933,8.345628558624224
1,634,25.11,24.66,32.453307758851025,35.91491092384824
2,658,3.48,2.11,6.050677515645799,2.36990137903727
3,56939,12.62,8.35,44.220845302577686,28.380982507121658
4,1243,14.82,12.11,47.01158838713932,24.681880418043676
5,1245,39.58,12.08,70.74563689139988,25.294047579110533
