,src_id,Slope_sorted,Slope_resorted,Slope_sorted2,Slope_resorted2
0,1255,28.52,22.66,59.730161720832726,35.66677701049111
1,1285,16.42,13.77,33.98110258477035,25.095834681838014
2,1418,113.64,33.41,688.9883026286817,147.69355269177652
3,1222,26.46,16.98,35.44313881364387,22.50273460094767
4,57233,7.01,6.15,44.584532853417784,11.77788343136906
