,src_id,Slope_sorted,Slope_resorted,Slope_sorted2,Slope_resorted2
0,1352,12.61,5.57,31.390271801924516,6.789502401719088
1,1362,11.45,6.42,29.483419788599022,7.102687795566469
2,1371,22.12,12.31,58.51247927576207,16.51270740164279
3,1412,57.62,16.39,142.63481955154103,16.6977770181078
