,src_id,Slope_sorted,Slope_resorted,Slope_sorted2,Slope_resorted2
0,842,13.84,11.88,46.62683996676029,34.086981065718255
1,876,44.91,22.39,137.8990344030018,52.05591992476489
2,1326,16.97,9.99,41.018934899368666,15.667291080367354
3,782,13.31,4.7,55.085003900023786,15.669296176429507
4,843,4.67,3.75,15.865446615096978,11.565325581876316
5,877,43.56,24.78,171.98911799817412,46.80110601286822
6,878,15.74,12.62,25.311941889932783,23.546432155987834
