,src_id,Slope_sorted,Slope_resorted,Slope_sorted2,Slope_resorted2
0,393,5.39,2.45,23.27378119588148,3.526746355355746
1,395,9.5,4.58,131.9412475569776,7.021318170232075
2,409,2.72,1.39,4.193982322180688,1.5035004091415074
3,583,3.08,1.91,11.736272669396913,2.0188942345259395
4,30476,3.94,2.92,7.1350826474230855,4.030723946353252
5,3805,10.68,8.95,39.02178915805407,23.508305806321054
