,src_id,Slope_sorted,Slope_resorted,Slope_sorted2,Slope_resorted2
0,442,2.77,1.5,7.4014907773630405,1.7764824646639084
1,61986,3.25,1.58,5.833380863323651,1.876794136974573
