,src_id,Slope_sorted,Slope_resorted,Slope_sorted2,Slope_resorted2
0,498,17.94,11.85,26.780547152267527,16.079806064096857
1,708,8.32,6.41,14.831048011513221,12.526580905233535
2,719,13.37,5.72,88.62826787607797,60.74578434399187
3,742,7.99,4.34,14.265325381553737,5.279075221465542
4,811,9.43,6.85,14.088932389504276,7.165304089462037
5,16769,6.01,4.02,13.951260373686022,5.113206906655514
6,818,15.27,12.41,30.669141601593132,15.750018359152769
7,7228,4.51,3.33,25.9991127341586,21.96817412335234
